code,name,pe
hk00969,华联国际,-0.46
hk03839,正大企业国际,11.134
hk00577,十三集团,-3.733
hk00286,同佳健康,61.429
hk01523,珩湾科技,25.532
hk01699,普甜食品,-25.0
hk01326,天马影视,-11.207
hk00673,中国卫生控股,-1.983
hk01315,允升国际,15.444
hk00402,天下图控股,-1.333
hk00521,海航实业股份,-5.558
hk00403,星光集团,3.231
hk01066,威高股份,21.347
hk01396,毅德国际,2.47
hk00401,万嘉集团,-6.667
hk01237,中科生物,3.382
hk00690,联康生物科技集团,-9.583
hk02330,中国上城,-5.083
hk01555,ＭＩ能源,-0.415
hk02312,中国金融租赁,-3.967
hk00512,远大医药,64.022
hk00282,壹传媒,-1.784
hk00485,中国华星,-7.571
hk01833,银泰商业,68.516
hk01180,汇彩控股,-5.669
hk00104,ASIA COMM HOLD,-12.174
hk00952,华富国际,54.118
hk00130,慕诗国际,-5.306
hk01613,协同通信,-0.478
hk01856,依波路,-39.412
hk00821,汇盈控股,-50.833
hk01152,新融宇集团,-4.688
hk06288,FAST RETAIL-DRS,1.027
hk00524,E-KONG GROUP,54.167
hk00990,荣晖国际,-34.0
hk02277,华融投资股份,3.511
hk00936,鹏程亚洲,-17.885
hk00550,先传媒,-20.641
hk01290,中国汇融,25.0
hk00585,意马国际,-4.71
hk00137,金辉集团,-0.306
hk00464,建福集团,-40.98
hk00436,新宇环保,38.667
hk01245,NIRAKU,55.455
hk00674,文化地标投资,-1.305
hk01316,耐世特,12.429
hk01717,澳优,45.895
hk01194,麦盛资本,-8.966
hk01302,先健科技,2600.0
hk01002,威铖国际,-8.524
hk01573,中国优质能源,0.0
hk01023,时代集团控股,5.757
hk02327,美瑞健康国际,102.5
hk01600,天伦燃气,27.352
hk01639,安捷利实业,0.0
hk03332,中生联合,3.454
hk00809,大成生化科技,-0.168
hk01051,国际资源,5.0
hk02340,新昌管理集团,4.564
hk01328,精英国际,40.0
hk00552,中国通信服务,12.438
hk01526,瑞慈医疗,0.0
hk01400,宏太控股,-4.522
hk01466,钱唐控股,-139.512
hk00496,卡森国际,18.895
hk00881,中升控股,23.657
hk00326,中国星集团,1.797
hk00974,中国顺客隆,19.097
hk00419,华谊腾讯娱乐,-4.933
hk00479,华建控股,15.5
hk02362,金川国际,74.667
hk00043,卜蜂国际,9.375
hk01004,中国智慧能源,-25.0
hk00292,泛海酒店,8.962
hk01389,美捷汇控股,39.0
hk01026,环球实业科技,-24.583
hk00400,科通芯城,10.948
hk01049,时富投资,11.9
hk06833,兴科蓉医药,5.797
hk01579,颐海国际,0.0
hk00241,阿里健康,-292.857
hk01378,中国宏桥,11.527
hk02319,蒙牛乳业,36.726
hk00406,有利集团,-3.984
hk01132,橙天嘉禾,-7.879
hk00681,中民控股,-4.16
hk02308,研祥智能,8.514
hk00096,YUSEI,11.538
hk00922,安贤园中国,64.0
hk00494,利丰,6.547
hk00776,帝国集团环球控股,-136.944
hk00169,万达酒店发展,-66.154
hk01335,顺泰控股,1.451
hk00285,比亚迪电子,22.578
hk03773,年年卡,8.131
hk00513,恒和集团,-4.231
hk00745,中国国家文化产业,1.375
hk00042,东北电气,128.571
hk02020,安踏体育,40.188
hk01330,绿色动力环保,15.792
hk00129,泛海集团,3.274
hk00438,彩虹新能源,2.035
hk01882,海天国际,17.412
hk01112,合生元,114.126
hk01355,^F国际,-2.655
hk00855,中国水务,26.475
hk00084,宝光实业,-1.951
hk00139,中国软实力,-0.39
hk01980,天鸽互动,41.103
hk06888,英达公路再生科技,5.902
hk01195,京维集团,-4.571
hk01008,贵联控股,3.794
hk00938,民生国际,14.545
hk02666,环球医疗,12.377
hk00600,中国基建投资,49.0
hk00396,兴利（香港）控股,22.273
hk00065,弘海高新资源,-2.05
hk00145,香港建屋贷款,-0.141
hk01373,国际家居零售,19.022
hk00612,中国投资基金公司,-80.594
hk00694,北京首都机场股份,19.117
hk01322,创达科技控股,0.664
hk00596,浪潮国际,0.0
hk00874,白云山,31.208
hk00322,康师傅控股,52.768
hk02196,复星医药,32.98
hk01678,中创环球,0.979
hk01808,企展控股,22.857
hk01369,五洲国际,-0.454
hk01708,三宝科技,14.913
hk01513,丽珠医药,20.993
hk01470,滴达国际,-51.25
hk01347,华虹半导体,28.52
hk01929,周大福,30.272
hk00444,SINCEREWATCH HK,-3.2
hk00220,统一企业中国,41.255
hk00609,天德化工,3.498
hk00227,第一上海,5.937
hk01432,中国圣牧,3.8
hk01027,中国集成控股,0.0
hk01044,恒安国际,22.827
hk01085,亨鑫科技,6.969
hk00482,圣马丁国际,-0.796
hk00853,微创医疗,-141.667
hk01610,中粮肉食,0.0
hk00214,汇汉控股,2.683
hk00931,中国天然气,171.429
hk02298,都市丽人,11.568
hk00943,意科控股,-0.804
hk00197,亨泰,-1.704
hk03933,联邦制药,121.618
hk00177,江苏宁沪高速公路,15.64
hk00157,自然美,9.118
hk00106,朗诗绿色地产,4.947
hk00063,中国烯谷集团,-31.0
hk00771,自动系统,23.585
hk00813,世茂房地产,10.379
hk00696,中国民航信息网络,30.154
hk01488,百福控股,105.833
hk00290,中国富强金融,-10.583
hk01681,康臣药业,23.026
hk03318,中国香精香料,19.692
hk01495,集一家居,4.848
hk03989,首创环境,75.0
hk02138,香港医思医疗集团,27.839
hk00607,丰盛控股,34.476
hk01096,中能国际控股,-0.371
hk06866,佐力小贷,4.43
hk00288,万洲国际,14.17
hk00195,利海资源,-3.571
hk01558,东阳光药,47.619
hk00984,永旺,12.151
hk02080,奥克斯国际,-16.145
hk01622,力高地产,34.307
hk00321,德永佳集团,4.513
hk00997,普汇中金国际,38.148
hk00592,ＢOSSINI INT'L,1.927
hk03882,天彩控股,2.262
hk03623,集成金融,15.758
hk01738,飞尚无烟煤,-3.124
hk01430,苏创燃气,13.208
hk00548,深圳高速公路股份,12.304
hk00270,粤海投资,21.408
hk06893,衍生集团,40.769
hk00859,镇科集团,715.0
hk00669,创科实业,24.812
hk01176,珠光控股,12.857
hk00037,远东酒店实业,-20.0
hk01061,亿胜生物科技,34.734
hk00028,天安,1.168
hk00907,高雅光学,-6.903
hk01037,云智汇科技,-6.033
hk03789,御佳控股,0.0
hk00869,彩星玩具,3.333
hk01243,宏安地产,31.667
hk00520,呷哺呷哺,56.622
hk00831,利亚零售,16.351
hk00209,瀛晟科学,-1.351
hk06068,睿见教育,0.0
hk02282,美高梅中国,21.427
hk01068,雨润食品,-0.716
hk01468,英裘控股,-6.743
hk00154,北京控股环境集团,14.107
hk00268,金蝶国际,82.793
hk00575,励晶太平洋,-1.923
hk00862,远见控股,-44.444
hk01075,首都信息,9.643
hk01572,中国艺术金融,9.419
hk00631,三一国际,405.714
hk01358,普华和顺,10.94
hk03344,互益集团,-0.159
hk01462,金诚控股,410.0
hk01099,国药控股,20.345
hk02018,瑞声科技,35.861
hk00765,威发国际集团,-40.385
hk02309,伯明翰环球,-1.05
hk00193,冠中地产,-2.361
hk00757,阳光能源,21.333
hk01680,澳门励骏,-30.476
hk00743,亚洲水泥（中国）,-22.807
hk01199,中远海运港口,6.932
hk00887,英皇钟表珠宝,-48.333
hk01193,华润燃气,26.82
hk00374,四洲集团,29.832
hk00183,宏辉集团,-9.571
hk00842,理士国际,9.574
hk01568,承达集团,22.727
hk01029,铁货,-0.185
hk00838,亿和控股,8.125
hk01728,正通汽车,15.12
hk06118,奥星生命科技,214.667
hk00025,CHEVALIER INT'L,11.442
hk03838,中国淀粉,5.825
hk00677,金源米业,-17.407
hk01219,天喔国际,2.327
hk01060,阿里影业,39.167
hk00710,精电,2.588
hk00103,首长宝佳,-0.964
hk03993,洛阳钼业,66.667
hk03836,和谐汽车,7.091
hk00338,上海石油化工股份,7.731
hk00117,天利控股集团,-24.304
hk00022,茂盛控股,8.889
hk02238,广汽集团,9.219
hk00128,安宁控股,-14.923
hk00817,中国金茂,10.236
hk01862,景瑞控股,-7.485
hk06826,昊海生物科技,23.188
hk01030,新城发展控股,25.275
hk00528,金达控股,8.475
hk03300,中国玻璃,-1.815
hk00185,正恒国际控股,-51.0
hk06828,北京燃气蓝天,170.0
hk01020,华耐控股,-1.509
hk01313,华润水泥控股,40.296
hk02686,亚美能源,-67.391
hk00377,华君控股,3444.444
hk00794,锦胜集团（控股）,-5.714
hk00775,长江生命科技,17.333
hk00079,世纪建业,-8.387
hk01208,五矿资源,-27.5
hk00474,昊天发展集团,1.791
hk01130,中国环境资源,-3.487
hk00412,中国新金融,66.25
hk00346,延长石油国际,-0.283
hk00206,ＴＳＣ集团,23.043
hk01165,顺风清洁能源,16.563
hk00298,庄士中国,10.816
hk03813,宝胜国际,17.021
hk00425,敏实集团,23.345
hk01606,国银租赁,0.0
hk01006,长寿花食品,8.565
hk03360,远东宏信,8.355
hk01169,海尔电器,20.751
hk01128,永利澳门,52.258
hk00777,网龙,-50.291
hk03306,江南布衣,0.0
hk00553,南京熊猫电子股份,14.415
hk02678,天虹纺织,8.04
hk06869,长飞光纤光缆,30.668
hk00460,四环医药,6.92
hk00707,协盛协丰,-68.75
hk00540,迅捷环球控股,13.415
hk00486,RUSAL,3.671
hk01539,汇能集团,23.38
hk00598,中国外运,10.026
hk00716,胜狮货柜,-123.333
hk01883,中信国际电讯,8.916
hk00086,新鸿基公司,2.572
hk01064,中华国际,5.957
hk00024,宝威控股,-10.769
hk00688,中国海外发展,7.036
hk00383,中国医疗网络,-3.645
hk01252,中国天瑞水泥,43.782
hk02086,龙杰智能卡,41.304
hk01608,伟能集团,0.0
hk00895,东江环保,22.056
hk00992,联想集团,-44.556
hk01338,霸王集团,-5.111
hk00637,利记,-4.113
hk03638,华邦金融,82.857
hk00643,恒富控股,-9.508
hk02348,东瑞制药,10.356
hk00547,数字王国,-7.313
hk01617,南方通信,0.0
hk01262,蜡笔小新食品,-1.648
hk03708,日成控股,29.5
hk03395,PERSTA,0.0
hk01238,宝龙地产,6.613
hk01456,国联证券,6.676
hk01260,皓天财经集团,5.882
hk00810,中国互联网投资,-0.714
hk06136,康达环保,6.383
hk00798,中电光谷,4.027
hk02331,李宁,1131.25
hk03378,厦门港务,10.0
hk01666,同仁堂科技,24.087
hk02688,新奥能源,36.503
hk03899,中集安瑞科,24.75
hk00844,广豪国际,-29.048
hk02345,上海集优,7.578
hk00440,大新金融,8.439
hk00608,达利国际,12.171
hk00891,利邦,-2.49
hk01858,春立医疗,26.96
hk00568,山东墨龙,-3.273
hk03808,中国重汽,129.438
hk01215,开源控股,-32.0
hk02136,利福中国,15.891
hk01788,国泰君安国际,12.953
hk06033,电讯数码控股,0.0
hk01107,当代置业,3.599
hk00097,恒基发展,4.49
hk01830,必瘦站,17.069
hk01052,越秀交通基建,9.772
hk00856,伟仕控股,13.445
hk00995,安徽皖通高速公路,7.025
hk02068,中铝国际,13.967
hk00854,威雅利,-6.417
hk02186,绿叶制药,32.472
hk00190,香港建设（控股）,9.412
hk00661,中国大冶有色金属,-1.045
hk00152,深圳国际,13.103
hk00658,中国高速传动,14.721
hk00059,天誉置业,-48.947
hk00125,新兴光学,13.27
hk00852,海峡石油化工,36.842
hk00981,中芯国际,19.444
hk01220,志道国际,-17.75
hk00360,新焦点,-12.241
hk00109,天成国际,-106.5
hk01480,恩达集团控股,8.023
hk00151,中国旺旺,23.01
hk02039,中集集团,10.806
hk00432,盈大地产,-12.489
hk00987,中国再生能源投资,8.269
hk03320,华润医药,20.0
hk00498,保华集团,-2.215
hk03963,融众金融,4.444
hk00167,IDT INT'L,-5.8
hk01381,粤丰环保,32.206
hk03888,金山软件,63.401
hk00848,茂业国际,23.125
hk00991,大唐发电,-9.61
hk06858,本间高尔夫,0.0
hk00616,高山企业,-0.521
hk00317,中船防务,97.176
hk01375,中州证券,3.87
hk00606,中国粮油控股,-47.937
hk01009,国际娱乐,56.296
hk00122,鳄鱼恤,760.0
hk01001,沪港联合,6.909
hk00822,嘉瑞国际,-5.423
hk00370,国华,-7.9
hk01979,天宝集团,4.072
hk00242,信德集团,12.939
hk01266,西王特钢,15.743
hk01091,中信大锰,-15.385
hk00279,民众金融科技,-1.35
hk01076,博华太平洋,-81.0
hk00393,旭日企业,9.762
hk00672,众安房产,1.916
hk00235,中策集团,1.64
hk02118,天山发展控股,15.438
hk00698,通达集团,13.095
hk01928,金沙中国有限公司,35.077
hk00845,恒盛地产,-0.699
hk00449,志高控股,-0.857
hk01205,中信资源,18.261
hk00198,星美控股,82.258
hk01866,中国心连心化肥,8.241
hk02286,辰兴发展,2.224
hk00826,天工国际,43.846
hk00903,冠捷科技,6.772
hk00493,国美电器,10.118
hk00668,东银国际控股,-14.333
hk01168,百仕达控股,-12.609
hk03329,交银国际,0.0
hk03383,雅居乐集团,18.752
hk02112,优库资源,590.0
hk01277,力量能源,0.0
hk03377,远洋集团,13.156
hk00825,新世界百货中国,66.296
hk01365,润东汽车,11.398
hk02789,远大中国,-2.432
hk00898,万事昌国际,2.848
hk02623,爱德新能源,-1.25
hk01776,广发证券,4.948
hk00027,银河娱乐,42.804
hk00958,华能新能源,11.93
hk00138,中建富通,2.054
hk01079,松景科技,-17.037
hk00622,威华达控股,4.894
hk00291,华润啤酒,-24.52
hk00200,新濠国际发展,352.273
hk00604,深圳控股,6.897
hk03396,联想控股,9.176
hk01293,广汇宝信,27.282
hk00223,易生活控股,1.362
hk00908,珠海控股投资,10.682
hk02030,卡宾,9.895
hk00018,东方报业集团,40.87
hk01108,洛阳玻璃股份,-6.589
hk01828,大昌行集团,13.548
hk00376,云锋金融,-22.74
hk00188,新华汇富金融,-7.308
hk00124,粤海置地,18.725
hk00489,东风集团股份,4.794
hk00611,中国核能科技,13.913
hk00215,和记电讯香港,19.862
hk00297,中化化肥,26.216
hk06882,东瀛游,3.244
hk02611,国泰君安,0.0
hk00951,超威动力,10.18
hk03999,大成食品,-2.735
hk00623,中视金桥,7.529
hk00101,恒隆地产,11.567
hk00726,中民筑友科技,-9.091
hk00646,中国环保科技,-3.333
hk02218,安德利果汁,13.774
hk01509,和美医疗,10.582
hk01658,邮储银行,0.0
hk00011,恒生银行,24.22
hk01157,中联重科,216.429
hk03833,新疆新鑫矿业,-2.525
hk01533,庄园牧场,9.161
hk01813,合景泰富,6.652
hk06128,泛亚国际,67.377
hk00818,高阳科技,10.098
hk01993,雅仕维,-22.857
hk01623,海隆控股,9.292
hk00345,VITASOY INT'L,52.161
hk00806,惠理集团,86.351
hk02338,潍柴动力,23.084
hk00054,合和实业,8.48
hk00020,会德丰,6.818
hk03323,中国建材,34.178
hk00650,ＩＤＧ能源,-100.0
hk01618,中国中冶,7.647
hk01166,星凯控股,-7.025
hk00819,天能动力,17.13
hk01530,三生制药,57.524
hk00475,中发展控股,-9.661
hk00395,中国智能集团,-2.78
hk03366,华侨城（亚洲）,7.267
hk00476,中国动力控股,-3.485
hk03683,荣丰联合控股,-6.638
hk01310,香港宽频,47.51
hk06166,中国宏泰发展,9.358
hk00213,NATIONAL ELEC H,4.958
hk01053,重庆钢铁股份,-0.732
hk00410,ＳＯＨＯ中国,28.871
hk00699,神州租车,10.45
hk02339,京西国际,4.724
hk06169,宇华教育,0.0
hk00901,鹰力投资,-6.2
hk01191,粤首环保,-17.714
hk01985,美高域,0.0
hk01888,建滔积层板,23.649
hk00077,进智公共交通,11.261
hk00088,TAI CHEUNG HOLD,23.962
hk00471,中播控股,-0.389
hk06123,先达国际物流,32.333
hk03737,中智药业,9.353
hk02662,承兴国际控股,-123.774
hk02727,上海电气,15.529
hk01109,华润置地,10.32
hk01371,华彩控股,-3.829
hk00563,上实城市开发,12.5
hk01803,北京体育文化,-54.2
hk03689,康华医疗,0.0
hk00738,莱尔斯丹,6.683
hk00175,吉利汽车,66.938
hk01211,比亚迪股份,35.831
hk00045,大酒店,25.438
hk01811,中广核新能源,9.583
hk03393,威胜集团,8.281
hk00557,CITY E-SOLUTION,-9.722
hk02877,神威药业,14.863
hk03968,招商银行,10.399
hk00416,锦州银行,4.363
hk00127,华人置业,2.999
hk02607,上海医药,16.797
hk01635,大众公用,0.0
hk06189,爱得威建设集团,0.0
hk00556,泛亚环保,14.747
hk01181,唐宫中国,10.797
hk00062,载通,14.442
hk02313,申洲国际,48.756
hk00008,电讯盈科,16.94
hk01093,石药集团,64.915
hk01177,中国生物制药,47.287
hk00878,金朝阳集团,-66.27
hk01458,周黑鸭,0.0
hk00061,北亚资源,-0.987
hk02280,慧聪网,56.145
hk02357,中航科工,22.344
hk02083,大自然家居,-7.294
hk01578,天津银行,4.166
hk01270,朗廷－ＳＳ,16.03
hk00511,电视广播,7.947
hk01786,铁建装备,4.694
hk00480,香港兴业国际,8.399
hk06868,天福,34.366
hk03303,巨涛海洋石油服务,41.25
hk00626,大众金融控股,9.0
hk02356,大新银行集团,10.675
hk03799,达利食品,23.368
hk01281,隆基泰和智慧能源,67.6
hk00168,青岛啤酒股份,28.17
hk01071,华电国际电力股份,3.559
hk02098,卓尔集团,37.13
hk00687,香港国际建投,3.789
hk00323,马鞍山钢铁股份,-4.631
hk00386,中国石油化工股份,22.031
hk02633,雅各臣科研制药,0.0
hk00735,中国电力新能源,32.385
hk03939,万国国际矿业,53.636
hk00347,鞍钢股份,-9.367
hk00719,山东新华制药股份,17.886
hk00342,新海能源,3.483
hk00665,海通国际,11.195
hk00730,首长四方(集团),-6.138
hk00728,中国电信,12.027
hk00833,华讯,16.667
hk01247,米格国际控股,4.114
hk00017,新世界发展,11.582
hk00755,上海证大,-2.859
hk03369,秦港股份,22.593
hk00639,首钢资源,-23.291
hk01518,新世纪医疗,0.0
hk03328,交通银行,5.192
hk00148,建滔化工,17.309
hk02255,海昌海洋公园,27.101
hk00001,长和,2.281
hk00546,阜丰集团,12.887
hk00255,龙记集团,19.296
hk03600,现代牙科,19.596
hk01972,太古地产,11.329
hk00867,康哲药业,32.614
hk01258,中国有色矿业,-3.167
hk01569,民生教育,0.0
hk01298,天美（控股）,136.207
hk01766,中国中车,11.779
hk00098,兴发铝业,8.05
hk00161,中航国际控股,5.611
hk00752,笔克远东集团,12.764
hk00620,大唐西市,-67.742
hk00066,港铁公司,24.513
hk03331,维达国际,21.472
hk00916,龙源电力,14.093
hk00391,美亚娱乐资讯,-20.273
hk01361,３６１度,10.229
hk00551,裕元集团,12.167
hk00721,中国金融国际,-4.036
hk00877,昂纳科技集团,24.728
hk00006,电能实业,15.926
hk00107,四川成渝高速公路,5.954
hk02329,国瑞置业,7.018
hk00880,澳博控股,23.431
hk01800,中国交通建设,6.326
hk03669,永达汽车,17.281
hk01636,中国金属利用,-17.244
hk01240,青建国际,5.315
hk01908,建发国际集团,161.304
hk02628,中国人寿,13.556
hk01611,桐成控股,40.161
hk02399,虎都,14.011
hk00357,航基股份,6.829
hk06099,招商证券,0.0
hk06839,云南水务,7.981
hk06889,DYNAM JAPAN,10.718
hk00004,九龙仓集团,3.647
hk06823,香港电讯－ＳＳ,16.006
hk00811,新华文轩,7.682
hk02393,巨星医疗控股,25.631
hk01848,中国飞机租赁,12.516
hk01368,特步国际,20.0
hk00267,中信股份,6.772
hk02289,创美药业,21.166
hk00331,丰盛机电,6.516
hk00522,ASM PACIFIC,27.402
hk00289,WING ON CO,8.041
hk01297,中国擎天软件,18.961
hk00388,香港交易所,49.222
hk00052,FAIRWOOD HOLD,18.726
hk00914,安徽海螺水泥股份,26.472
hk01140,东英金融投资,103.448
hk02382,舜宇光学科技,115.765
hk01038,长江基建集团,13.744
hk01447,新福港,13.191
hk02006,锦江酒店,17.097
hk00308,香港中旅,13.195
hk02588,中银航空租赁,0.0
hk00032,港通控股,7.901
hk01599,城建设计,9.035
hk01382,互太纺织,8.715
hk01339,中国人民保险集团,6.309
hk02868,首创置业,4.646
hk00002,中电控股,17.382
hk02221,创业集团控股,28.145
hk00945,宏利金融－Ｓ,17.246
hk01349,复旦张江,21.726
hk02388,中银香港,14.384
hk02768,佳源国际控股,59.113
hk00005,汇丰控股,143.725
hk02368,鹰美,14.92
hk00921,海信科龙,14.872
hk00700,腾讯控股,103.057
hk02638,港灯－ＳＳ,19.384
hk06881,中国银河,2.974
hk00506,中国食品,143.571
hk00034,九龙建业,7.99
hk01548,金斯瑞生物科技,189.035
hk00050,香港小轮（集团）,13.208
hk00112,勒泰商业地产,-39.123
hk02488,元征科技,122.74
hk00173,嘉华国际,9.314
hk01218,永义国际,2.682
hk00762,中国联通,325.517
hk00468,纷美包装,17.117
hk00998,中信银行,4.581
hk02202,万科企业,13.119
hk03969,中国通号,14.016
hk06066,中信建投证券,6.062
hk01478,丘钛科技,26.829
hk01988,民生银行,3.599
hk02601,中国太保,12.784
hk00023,东亚银行,26.058
hk00354,中国软件国际,38.095
hk00973,L'Occitane,20.333
hk00754,合生创展集团,9.156
hk00488,丽新发展,300.0
hk00659,新创建集团,10.656
hk00069,香格里拉（亚洲）,46.053
hk00041,鹰君,9.383
hk03311,中国建筑国际,7.665
hk00363,上海实业控股,6.988
hk00303,VTECH HOLDINGS,15.209
hk00316,东方海外国际,-28.837
hk00935,龙翔集团,0.0
hk00953,邵氏兄弟控股,-3.785
hk00954,常茂生物,11.143
hk01005,美力时集团,0.0
hk01823,华昱高速,0.0
hk01831,十方控股,0.0
hk01898,中煤能源,-10.374
hk02002,阳光纸业,10.409
hk02121,一化控股,0.0
hk02133,中国多金属,-1.169
hk02223,卡撒天娇,0.0
hk02302,中核国际,-8.004
hk02341,中怡国际,10.701
hk02366,星美文化旅游,0.0
hk01196,伟禄集团,149.333
hk01203,广南（集团）,12.192
hk01210,克莉丝汀,-2.829
hk01217,中国创新投资,-4.4
hk01222,WANG ON GROUP,5.087
hk01223,新沣集团,118.0
hk01229,南南资源,-3.221
hk01239,金宝宝控股,0.0
hk01241,双桦控股,0.0
hk01348,甏锔豢毓,-8.5
hk03355,先进半导体,32.917
hk03382,天津港发展,9.038
hk03398,华鼎控股,-18.421
hk03666,小南国,-4.067
hk00160,汉国置业,0.0
hk00224,建生国际,0.0
hk00212,NANYANG HOLD,0.0
hk00216,建业实业,0.0
hk00237,安全货仓,2.461
hk00238,长兴国际,-5.521
hk00239,白花油,0.0
hk00240,利基控股,4.793
hk00306,冠忠巴士集团,0.0
hk00343,文化传信,-7.917
hk00375,YGM TRADING,0.0
hk00369,永泰地产,7.793
hk00380,冠力国际,14.2
hk00420,福田实业,14.096
hk00456,新城市建设发展,480.0
hk00458,联亚集团,0.0
hk00430,东方网库,0.0
hk00455,天大药业,85.0
hk00495,PALADIN,0.0
hk00472,新丝路文旅,0.0
hk00747,渖阳公用发展股份,-100.0
hk00684,亚伦国际,0.0
hk00618,北大资源,0.0
hk00645,安域亚洲,0.0
hk00711,亚洲联合基建控股,3.598
hk00657,环科国际,-30.0
hk00601,权智（国际）,-48.5
hk00736,中国置业投资,-0.216
hk00532,WKK INTL (HOLD),0.0
hk00610,惠记集团,0.0
hk01011,泰凌医药,22.432
hk01013,伟俊集团控股,-16.0
hk00982,卓智控股,0.0
hk00508,鼎亿集团投资,-6.087
hk00888,路讯通,-28.0
hk01184,S.A.S. DRAGON,19.69
hk01190,航标控股,1.023
hk01142,西伯利亚矿业,0.0
hk01151,依利安达,0.0
hk01227,国盛投资,-0.065
hk01127,汇星印刷,0.0
hk03389,亨得利,9.722
hk03816,ＫＦＭ金德,0.0
hk01090,大明国际,-9.225
hk01829,中国机械工程,6.481
hk02222,雷士照明,32.381
hk00465,富通科技,0.0
hk00095,绿景中国地产,13.613
hk00816,华电福新,6.873
hk00703,FUTURE ＢRIGHT,-495.0
hk01198,皇朝家h,-11.148
hk02008,凤凰卫视,14.348
hk00679,亚洲联网科技,0.0
hk00695,东吴水泥,0.0
hk01230,雅士利国际,50.968
hk00768,开明投资,0.0
hk00535,金地商置,8.351
hk01058,粤海制革,0.0
hk01100,飞达控股,0.0
hk00278,华厦置业,0.0
hk00627,佑威国际,-103.0
hk00014,希慎兴业,37.285
hk01089,乐游科技控股,-83.333
hk01105,星岛,13.151
hk01118,高力集团,0.0
hk01150,米兰站,-2.437
hk01173,威高国际,0.0
hk00860,奥立仕控股,-88.462
hk00980,联华超市,-4.283
hk02788,精熙国际,33.684
hk00007,凯富能源,-45.0
hk00057,震雄集团,0.0
hk00105,凯联国际酒店,9.872
hk00090,琥珀能源,6.992
hk03363,正业国际,0.0
hk00536,贸易通,11.942
hk00244,先施,-0.406
hk00091,标准资源控股,-0.111
hk00199,德祥地产,1.425
hk00119,保利置业集团,-4.07
hk00277,太兴置业,0.0
hk00662,亚洲金融,0.0
hk00676,创信国际,0.0
hk00865,建德国际控股,0.0
hk00801,金卫医疗,-3.058
hk00840,天业节水,0.0
hk00071,美丽华酒店,6.73
hk00092,CHAMPION TECH,-100.0
hk00102,凯升控股,-12.414
hk00136,恒腾网络,-95.0
hk00158,万邦投资,0.0
hk00172,金榜集团,0.0
hk00174,盛洋投资,0.0
hk00115,钧濠集团,0.256
hk00266,天德地产,0.0
hk00274,中富资源,-3.0
hk00680,南海控股,9.5
hk00296,英皇娱乐酒店,8.477
hk00320,金宝通,0.0
hk00339,安利时投资,0.0
hk00352,富阳,0.0
hk00445,中国消防,56.667
hk00629,悦达矿业,0.0
hk00759,CEC 国际控股,0.0
hk00899,亚洲资源,-6.389
hk02728,裕华能源（新）,-18.929
hk02880,大连港,19.825
hk00356,鼎立资本,0.0
hk01141,天顺证券,-2.432
hk00800,Ａ８新媒体,26.875
hk00010,恒隆集团,7.827
hk00046,科联系统,0.0
hk01033,中石化油服,-1110.0
hk00693,陈唱国际,19.542
hk00335,美建集团,5.285
hk00355,世纪城市国际,720.0
hk00913,合一投资,0.187
hk00767,PACIFIC PLYWOOD,1.351
hk00723,永保林业,-4.75
hk02012,阳光油砂,-0.395
hk03828,明辉国际,-3.323
hk00208,保利达资产,56.667
hk00593,天洋国际控股,0.0
hk00015,盈信控股,1.855
hk00387,力丰（集团）,0.0
hk00039,中国北大荒,52.0
hk02288,宏基资本,-4.571
hk00985,网智金控,-2.125
hk00985,网智金控,-2.125
hk00518,同得仕（集团）,-4.839
hk01269,首控集团,-318.571
hk00929,国际精密,13.978
hk00717,英皇证券,5.393
hk00361,顺龙控股,-7.692
hk01122,庆铃汽车股份,9.957
hk01104,亚太资源,0.0
hk00272,瑞安房地产,15.254
hk00259,亿都（国际控股）,8.75
hk00252,华信地产财务,0.0
hk02668,百德国际,-7.5
hk00428,汇嘉中国,0.0
hk00423,经济日报集团,0.0
hk00218,申万宏源,19.32
hk00003,香港中华煤气,26.447
hk00399,领航医药生物科技,-2.751
hk01175,鲜驰达控股,2.273
hk00525,广深铁路股份,22.667
hk00397,君阳金融,-0.776
hk00918,第一德胜控股,-5.909
hk00641,恒天立信,0.0
hk03322,永嘉集团,3.49
hk01255,港大零售,0.0
hk01393,恒鼎实业,-0.199
hk01638,佳兆业集团,4.073
hk03778,中国织材控股,0.0
hk00603,中油燃气,-16.667
hk00099,王氏国际,0.0
hk00640,星谦发展,11.186
hk00294,长江制衣,0.0
hk01682,高锐中国物联,-12.5
hk01292,长安民生物流,0.0
hk00910,中国三迪,5.0
hk00234,新世纪集团,-20.833
hk02379,中天国际,0.0
hk01047,毅兴行,0.0
hk00132,中国兴业控股,170.0
hk00543,太平洋网络,6.073
hk00121,卜蜂莲花,-3.926
hk00689,长盈集团（控股）,-2.5
hk00686,联合光伏,5.895
hk01777,花样年控股,7.821
hk00162,世纪金花,0.0
hk00769,中国稀土,-3.208
hk00766,中盈集团控股,0.0
hk00979,绿色能源科技集团,0.0
hk00497,资本策略地产,2.753
hk00143,GLOＢAL TECH,-40.0
hk03633,中裕燃气,216.216
hk02371,中国创联教育,-1.1
hk01668,华南城,3.394
hk00247,TST PROPERTIES,0.0
hk00245,中国民生金融,-34.714
hk00885,仁天科技控股,64.0
hk00882,天津发展,5.886
hk01308,海丰国际,19.061
hk00310,嘉进投资国际,0.0
hk01685,博耳电力,1.087
hk00413,南华集团控股,0.0
hk00411,南顺（香港）,16.274
hk00201,华大酒店,0.0
hk01366,江南集团,3.095
hk00571,丰德丽控股,19.231
hk00559,德泰新能源集团,-0.318
hk00056,联合地产（香港）,2.826
hk03618,重庆农村商业银行,4.612
hk00118,大同机械,-1.324
hk00653,卓悦控股,2.677
hk02878,SOLOMON SYSTECH,-14.545
hk00770,SHANGHAI GROWTH,0.0
hk00905,环球大通投资,0.0
hk00713,世界（集团）,-9.655
hk01146,中国服饰控股,0.0
hk00732,信利国际,7.0
hk01129,中国水业集团,-21.97
hk01120,雅视光学,0.0
hk00191,丽新国际,31.524
hk00194,廖创兴企业,10.165
hk01733,易大宗,-0.301
hk03998,波司登,28.333
hk00469,凯普松国际,79.0
hk02000,晨讯科技,13.0
hk02342,京信通信,12.414
hk02349,中国城市基础设施,-4.432
hk00250,中国数码信息,30.333
hk00251,爪哇控股,0.0
hk00253,顺豪控股,0.0
hk00893,中国铁钛,-0.242
hk01314,翠华控股,19.02
hk01319,霭华押业信贷,7.045
hk02320,合丰集团,15.417
hk02324,首都创投,-0.279
hk01336,新华保险,9.815
hk01186,中国铁建,6.559
hk00583,长城环亚控股,0.0
hk00588,北京北辰实业股份,9.519
hk02722,重庆机电,4.963
hk02088,西王置业,-17.667
hk00812,西证国际证券,27.333
hk00834,康大食品,-9.091
hk00996,嘉年华国际,35.556
hk00529,SIS INT'L,0.0
hk00803,昌兴国际,-2.296
hk02317,味丹国际,12.258
hk00141,大中华集团,0.0
hk01213,万保刚集团,0.0
hk01232,金轮天地控股,83.333
hk01235,专业旅运,0.0
hk03889,大成糖业,-0.284
hk00861,神州控股,7.066
hk02310,申基国际,-1.688
hk01919,中远海控,100.909
hk06838,盈利时,0.0
hk00093,TERMＢRAY IND,0.0
hk00219,顺豪物业,0.0
hk00333,黛丽斯国际,0.0
hk00226,力宝,0.0
hk00068,利兴发展,0.0
hk00408,叶氏化工集团,31.882
hk00426,万华媒体,-29.487
hk00467,联合能源集团,21.02
hk00539,冠华国际控股,1.123
hk00675,坚宝国际,0.0
hk01062,国开国际投资,0.0
hk00851,盛源控股,-50.0
hk00864,永利地产发展,-316.667
hk02336,海亮国际,0.0
hk01515,华润凤凰医疗,37.654
hk01963,重庆银行,3.486
hk01522,中国城市轨道科技,34.118
hk00939,建设银行,6.382
hk03313,雅高控股,5.735
hk00927,富士高实业,0.0
hk00126,佳宁娜,11.753
hk00181,闽港控股,0.0
hk00184,激成投资,0.0
hk00225,博富临置业,7.741
hk01938,珠江钢管,30.455
hk00264,中玺国际,-17.711
hk01663,汉港控股,5.638
hk00196,宏华集团,-7.158
hk00542,新岭域集团,-9.615
hk01133,哈尔滨电气,14.118
hk00373,联合集团,0.0
hk03788,中国罕王,-3.614
hk00222,闽信集团,0.0
hk01036,万科置业海外,13.828
hk00589,宝国国际,-24.14
hk01124,沿海家园,-10.0
hk01182,胜龙国际,-1.677
hk00814,北京京客隆,26.389
hk02323,中国港桥,6.2
hk00051,海港企业,0.0
hk00021,大中华地产控股,0.0
hk00035,远东发展,12.356
hk00731,森信纸业集团,14.054
hk00248,香港通讯国际控股,0.0
hk02011,KEE,15.882
hk00366,陆氏集团（越南）,0.0
hk01273,香港信贷,0.0
hk00484,云游控股,-8.127
hk02300,澳科控股,7.112
hk02886,滨海投资,0.0
hk01117,现代牧业,17.368
hk06138,哈尔滨银行,3.554
hk01884,ＥＰＲＩＮＴ集团,11.837
hk01771,新丰泰集团,19.423
hk01771,新丰泰集团,19.423
hk00555,御泰中彩控股,1.467
hk02303,恒兴黄金,104.348
hk01161,奥思集团,27.105
hk06163,彭顺国际,0.0
hk03628,仁恒实业控股,0.0
hk01345,中国先锋医药,14.151
hk01063,新确科技,4.5
hk01397,碧瑶绿色集团,12.414
hk02014,浩泽净水,97.368
hk00328,ALCO HOLDINGS,1.523
hk01065,天津创业环保股份,12.924
hk03639,亿达中国,0.0
hk01341,焯企业,-13.077
hk01626,嘉耀控股,0.0
hk00989,广泽国际发展,-14.545
hk01289,盛力达科技,0.0
hk01285,嘉士利集团,0.0
hk01669,环球信贷集团,0.0
hk01673,华章科技,61.93
hk01362,新龙移动,0.0
hk06161,泰加保险,0.0
hk01327,时间由你,-0.248
hk00442,KTL INT'L,0.0
hk01395,强泰环保,0.0
hk01305,伟志控股,0.0
hk01201,天臣控股,12.895
hk00451,协鑫新能源,-300.0
hk01380,中国金石,-0.118
hk01450,世纪睿科,0.0
hk01500,现恒建筑,3.661
hk01301,德基科技控股,14.714
hk00574,百信药业,3.259
hk01443,富临集团控股,8.718
hk02193,万景控股,0.0
hk06878,鼎丰集团控股,19.677
hk02699,新明中国,4.03
hk01461,鲁证期货,8.55
hk01363,中滔环保,9.145
hk01498,培力控股,17.931
hk00334,华显光电,15.75
hk06133,维太移动,0.0
hk01000,北青传媒,0.0
hk01296,国电科环,-0.416
hk01483,誉宴集团,-150.714
hk00876,美加医学,-73.75
hk01499,前进控股集团－新,54.286
hk01253,中国绿地博大绿泽,17.679
hk00857,中国石油股份,24.784
hk01527,天洁环境,0.0
hk01476,恒投证券,2.778
hk01532,中国派对文化,0.0
hk00359,海升果汁,0.0
hk01508,中国再保险,6.639
hk00727,皇冠环球集团,19.688
hk01439,中华包装控股,4.512
hk00722,联合医务,180.0
hk01561,万辉化工,0.0
hk01492,中地乳业,0.0
hk03866,青岛银行,0.0
hk06196,郑州银行,0.0
hk01543,中盈盛达融资担保,10.241
hk01226,中国投融资,1.19
hk03678,弘业期货,9.106
hk01662,义合控股,0.0
hk01459,巨匠建设,3.401
hk02120,康宁医院,0.0
hk01799,新特能源,0.0
hk00089,大生地产,0.0
hk00146,TAI PING CARPET,0.0
hk03996,中国能源建设,4.41
hk01419,盈健医疗,18.085
hk01570,伟业控股,10.215
hk01496,亚积邦租赁,13.793
hk02738,华津国际控股,0.0
hk00187,京城机电股份,-4.365
hk01556,建业建荣,0.0
hk03626,HSSP INTL,78.182
hk00704,和嘉资源,-3.261
hk00186,GRANDE HOLDINGS,-7.419
hk00720,意达利控股,0.0
hk01202,成都普天电缆股份,-7.851
hk01549,永丰集团控股,-35.0
hk01583,亲亲食品,0.0
hk00724,瑞鑫国际集团,-8.5
hk01612,永胜医疗,0.0
hk00764,永恒策略,0.0
hk01560,星星地产,7.143
hk02278,海蓝控股,0.0
hk06816,PROSPER CONS,0.0
hk01982,南旋控股,6.516
hk01818,招金矿业,45.94
hk03966,中国宝丰国际,0.0
hk02031,澳至尊,0.0
hk01123,中港照相,0.0
hk01591,汛和集团,0.0
hk01577,汇鑫小贷,0.0
hk02166,芯智控股,0.0
hk01589,中国物流资产,0.0
hk00829,神冠控股,7.925
hk01547,IＢI GROUP HLDGS,0.0
hk00108,国锐地产,-25.806
hk00016,新鸿基地产,10.43
hk06163,彭顺国际,0.0
hk01633,上谕集团,0.0
hk00630,隽泰控股,0.0
hk00262,迪臣发展国际,0.0
hk00072,现代传播,0.0
hk06122,九台农商银行,0.0
hk01575,慕容控股,0.0
hk00332,元亨燃气,370.0
hk00526,利时集团控股,140.0
hk00621,坛金矿业,1.233
hk01125,丽丰控股,0.0
hk01372,比速科技,0.0
hk01178,共享经济集团,-0.972
hk01656,亿仕登控股,0.0
hk01627,安保工程控股,0.0
hk01272,大唐环境,0.0
hk02293,百本医护,0.0
hk00221,易易壹金融,2.994
hk02281,兴泸水务,0.0
hk03869,弘和仁爱医疗,0.0
hk01329,首创钜大,0.0
hk01667,进阶发展,0.0
hk06822,科劲国际,0.0
hk01918,融创中国,23.621
hk01683,皇中国际,0.0
hk00381,侨雄国际,-1.069
hk01357,美图公司,0.0
hk01476,恒投证券,2.778
hk03768,滇池水务,0.0
hk00459,美联工商m,0.0
hk00176,联太工业,0.0
hk01121,宝峰时尚,-17.241
hk01586,中国力鸿,0.0
hk00191,丽新国际,31.524
hk01010,太睿国际控股,0.0
hk00857,中国石油股份,24.784
hk01188,正道集团,-3.7
hk00311,联泰控股,0.0
hk01989,松龄护老集团,0.0
hk01160,大唐投资国际,0.0
hk02178,百勤油服,-1.298
hk01609,创建集团控股,0.0
hk00026,中华汽车,12.683
hk02318,中国平安,19.921
hk00358,江西铜业股份,38.403
hk00863,品牌中国,50.773
hk02328,中国财险,5.111
hk01083,港华燃气,21.763
hk01249,通力电子,11.393
hk06030,中信证券,7.563
hk00836,华润电力,6.778
hk00570,中国中药,34.776
hk00135,昆仑能源,404.706
hk00384,中国燃气,74.236
hk00053,国浩集团,13.4
hk00083,信和置业,10.81
hk02199,维珍妮,14.692
hk02378,保诚,25.039
hk00390,中国中铁,9.179
hk00902,华能国际电力股份,4.978
hk00133,招商局中国基金,4.59
hk01986,彩客化学,18.638
hk01367,恒宝企业控股,-455.455
hk01565,成实外教育,84.483
hk00341,大家乐集团,21.494
hk02066,盛京银行,3.48
hk00179,德昌电机控股,14.602
hk01299,友邦保险,25.25
hk00131,卓能（集团）,6.941
hk01628,禹洲地产,8.253
hk00960,龙湖地产,11.34
hk06116,拉夏贝尔,6.763
hk00315,数码通电讯,10.801
hk02386,中石化炼化工程,18.974
hk01070,ＴＣＬ多媒体,207.895
hk01111,创兴银行,7.665
hk02777,富力地产,6.32
hk00142,第一太平,24.091
hk01288,农业银行,5.527
hk02869,绿城服务,0.0
hk03918,金界控股,11.732
hk00165,中国光大控股,4.613
hk01221,信和酒店（集团）,20.976
hk03339,中国龙工,104.242
hk01958,北京汽车,12.835
hk06818,中国光大银行,4.384
hk02183,利福地产,-177.838
hk00257,中国光大国际,15.878
hk01812,晨鸣纸业,5.771
hk00533,金利来集团,7.8
hk03308,金鹰商贸集团,13.324
hk01138,中远海能,27.52
hk01113,长实地产,13.859
hk01115,西藏水资源,23.256
hk06198,青岛港,11.644
hk01263,柏能集团,-134.773
hk01585,雅迪控股,16.409
hk01035,ＢＢＩ生命科学,25.575
hk00044,香港飞机工程,11.796
hk01910,新秀丽,19.701
hk01566,华夏动漫,21.318
hk01212,利福国际,16.573
hk00081,中国海外宏洋集团,7.185
hk01043,光宇国际集团科技,166.875
hk00144,招商局港口,10.148
hk06837,海通证券,4.431
hk06808,高鑫零售,34.485
hk00029,达力集团,17.254
hk00959,奥玛仕国际,-1.519
hk02198,中国三江化工,-13.636
hk01126,德林国际,21.525
hk01185,中国航天万源,14.0
hk00398,东方表行集团,-85.926
hk00078,REGAL INT'L,35.736
hk00434,博雅互动,3.789
hk00163,英皇国际,-3.508
hk06139,金茂酒店－ＳＳ,16.827
hk00956,新天绿色能源,41.667
hk00509,世纪阳光,3.125
hk03399,粤运交通,9.028
hk00900,Aeon信贷财务,10.905
hk00883,中国海洋石油,23.808
hk01359,中国信达,4.632
hk02383,ＴＯＭ集团,-30.0
hk00613,渝港国际,12.471
hk00983,瑞安建业,-0.907
hk00293,国泰航空,-85.068
hk01431,原生态牧业,10.2
hk00576,浙江沪杭甬,7.421
hk01816,中广核电力,11.285
hk02799,中国华融,3.601
hk00417,谢瑞麟,17.857
hk03822,三和建筑集团,2.163
hk03315,金邦达宝嘉,5.706
hk01332,中国透云,2.8
hk02016,浙商银行,5.852
hk01170,信星集团,11.034
hk00327,百富环球,7.087
hk00560,珠江船务,8.261
hk01398,工商银行,6.091
hk03958,东方证券,0.0
hk00263,高富集团控股,0.302
hk00697,首长国际企业,-0.489
hk00113,迪生创建,-4.773
hk01268,美东汽车,30.862
hk02380,中国电力,2.562
hk00564,郑煤机,113.226
hk00579,京能清洁能源,5.211
hk02398,友佳国际,12.555
hk00906,中粮包装,10.088
hk00733,合富辉煌,10.089
hk00367,庄士机构国际,4.841
hk01415,高伟电子,2.845
hk00047,合兴集团,23.429
hk01271,佳明集团控股,7.849
hk02355,宝业集团,4.471
hk00389,通天酒业,-3.058
hk02001,新高教集团,0.0
hk00709,佐丹奴国际,16.812
hk00858,精优药业,10.929
hk00746,理文化工,23.282
hk00116,周生生,8.898
hk03948,伊泰煤炭,267.273
hk00371,北控水务集团,15.496
hk00171,银建国际,-50.0
hk00500,先丰服务集团,-12.5
hk00656,复星国际,11.374
hk00258,汤臣集团,8.275
hk01098,路劲基建,8.277
hk01057,浙江世宝,6.881
hk00087,太古股份公司Ｂ,10.827
hk00012,恒基地产,7.087
hk00896,兴胜创建,1.725
hk01588,畅捷通,-16.954
hk02005,石四药集团,59.71
hk00385,建联集团,4.824
hk01234,中国利郎,21.563
hk01460,扬科集团,19.0
hk01660,善乐国际,0.0
hk01383,太阳世纪集团,-7.765
hk03380,龙光地产,16.741
hk01137,香港电视,-2.57
hk02888,渣打集团,-62.211
hk00329,三龙国际,39.688
hk00273,民信金控,7.471
hk00988,楼东俊安资源,-0.302
hk03709,珂莱蒂尔,21.04
hk06178,光大证券,0.0
hk01097,有线宽频,-0.808
hk00230,五矿地产,8.235
hk00038,第一拖拉机股份,15.494
hk00827,玖源集团,-3.875
hk02866,中远海发,-4.02
hk03988,中国银行,5.386
hk00850,投融长富,-2.833
hk00582,蓝鼎国际（六万）,-1.28
hk03636,保利文化,10.313
hk00232,中国航空工业国际,-1.911
hk01966,中骏置业,5.207
hk02038,富智康集团,8.54
hk06183,中国绿宝,1.976
hk01655,OKURA HOLDINGS,0.0
hk01050,嘉利国际,19.492
hk00682,超大现代,-0.079
hk06898,中国铝罐,7.451
hk01257,中国光大绿色环保,0.0
hk00581,中国东方集团,-18.045
hk01486,思城控股,22.092
hk03698,徽商银行,5.068
hk01110,金活医药集团,19.649
hk00975,MONGOL MINING,-0.713
hk00572,未来世界金融,-9.333
hk01689,华禧控股,16.692
hk00799,IGG,47.468
hk02698,魏桥纺织,3.381
hk03606,福耀玻璃,19.478
hk01616,银仕来控股,98.182
hk00330,思捷环球,196.364
hk00538,味千（中国）,15.481
hk00635,彩星集团,0.583
hk02208,金风科技,7.58
hk00912,信佳国际,7.301
hk00683,嘉里建设,8.125
hk00505,欢悦互娱,35.0
hk01428,耀才证券金融,10.938
hk03337,安东油田服务,-10.0
hk00431,大中华金融,-0.791
hk00530,高银金融,24.375
hk00923,综合环保集团,-4.727
hk01200,美联集团,-14.892
hk02268,优源控股,10.514
hk00837,谭木匠,8.831
hk03900,绿城中国,34.422
hk01031,金利丰金融,20.612
hk00368,中外运航运,-4.484
hk01632,膳源控股,0.0
hk01370,恒实矿业,32.623
hk00941,中国移动,10.904
hk00229,利民实业,12.895
hk00760,新天地产集团,-2.333
hk03330,灵宝黄金,-2.737
hk00337,绿地香港,30.0
hk00517,中远海运国际,13.288
hk02017,沧海控股,0.0
hk01878,南戈壁－Ｓ,-0.158
hk00372,德祥企业,1.733
hk01265,天津津燃公用,39.583
hk02212,高鹏矿业,-190.0
hk00365,紫光控股,-353.75
hk01164,中广核矿业,6.351
hk00055,中星集团控股,-1.288
hk02608,阳光１００中国,8.532
hk03883,中国奥园,15.208
hk03368,百盛集团,14.677
hk01360,MEGAEXPO HLDG,-26.232
hk03898,中车时代电气,13.549
hk01528,红星美凯龙,6.779
hk02669,中海物业,38.986
hk00636,嘉里物流,9.962
hk00211,STYLAND HOLD,0.0
hk00280,景福集团,-2.953
hk01224,中渝置地,3.365
hk03688,莱蒙国际,4.79
hk00934,中石化冠德,8.45
hk01282,中国金洋,20.714
hk00787,利标品牌,27.188
hk01536,煜荣集团,0.0
hk02883,中海油田服务,25.688
hk01889,武夷药业,14.828
hk02299,百宏实业,62.945
hk06886,HTSC,6.09
hk02358,久融控股,-17.0
hk00040,金山工业,35.0
hk01970,IMAX CHINA,31.807
hk01171,兖州煤业股份,246.75
hk01251,华油能源,-2.555
hk00925,北京建设,10.789
hk00271,丹枫控股,65.6
hk00450,鸿兴印刷集团,38.81
hk00750,兴业太阳能,3.997
hk00348,中国智能健康,-5.786
hk00638,建溢集团,-14.491
hk00948,融达控股,602.5
hk00418,方正控股,66.667
hk00868,信义玻璃,10.568
hk01448,福寿园,48.066
hk00595,AV CONCEPT HOLD,131.667
hk00531,顺诚,112.857
hk00256,冠城钟表珠宝,22.571
hk01148,新晨动力,3.798
hk00189,东岳集团,22.035
hk00231,平安证券集团控股,-4.875
hk00178,莎莎国际,34.627
hk00999,I.T,31.765
hk00228,中能控股,-0.57
hk00968,信义光能,7.823
hk00210,达芙妮国际,-1.652
hk00299,新体育,-126.667
hk01131,鸿宝资源,4.872
hk02333,长城汽车,5.019
hk00633,中国全通,3.968
hk00966,中国太平,14.526
hk00123,越秀地产,10.576
hk06896,金嗓子,5.087
hk00019,太古股份公司Ａ,12.954
hk01189,珀丽酒店,-2.5
hk00832,建业地产,9.133
hk03333,中国恒大,25.206
hk02099,中国黄金国际,-80.375
hk02307,锦兴国际控股,10.597
hk00756,天溢森美,12.909
hk06830,华众车载,27.115
hk02899,紫金矿业,30.435
hk00110,中国长远,-7.5
hk00580,赛晶电力电子,12.069
hk01661,智美体育,18.421
hk03608,永盛新材料,16.667
hk01838,CHINAPROPERTIES,1.631
hk00182,协合新能源,5.847
hk00911,前海健康,-0.784
hk00763,中兴通讯,14.806
hk03818,中国动向,7.874
hk00031,航天控股,2.132
hk03800,保利协鑫能源,3.676
hk01637,顺兴集团控股,0.0
hk00058,新威国际,1.623
hk01333,中国忠旺,8.312
hk02322,仁瑞投资,-81.25
hk00889,连达科技控股,144.444
hk01798,大唐新能源,43.333
hk00978,招商局置地,7.027
hk00180,开达集团,9.924
hk00886,银基集团,10.667
hk00617,百利保控股,167.895
hk00070,海王集团,-0.733
hk03326,保发集团,3.772
hk00605,中国金融投资管理,6.596
hk01385,上海复旦,26.026
hk00558,力劲科技,1200.0
hk00758,JUNEFIELD GROUP,-8.824
hk00932,御药堂,15.0
hk00353,能源国际投资,-1.545
hk01999,敏华控股,17.368
hk02007,碧桂园,25.63
hk00519,实力建业,3.057
hk01317,枫叶教育,48.253
hk03686,祈福生活服务,0.0
hk01172,勤达集团国际,8.393
hk00928,野马国际,-16.714
hk02111,超盈国际控股,6.964
hk06168,中国优通,35.455
hk06865,福莱特玻璃,3.154
hk01822,弘达金融控股,-290.0
hk00897,位元堂,3.919
hk03301,融信中国,5.79
hk00487,实德环球,-285.0
hk00986,中国环保能源,-0.956
hk01323,NEWTREE GROUP,-2.639
hk00565,锦艺集团控股,1.667
hk00281,川河集团,4.786
hk02689,玖龙纸业,31.886
hk00753,中国国航,10.569
hk00202,润中国际控股,-1.469
hk00802,中国钱包,1.273
hk01207,上置集团,-0.476
hk01106,中国海景,-12.5
hk00894,万裕科技,-35.161
hk00392,北京控股,8.575
hk01069,中国农林低碳,-2.077
hk00064,结好控股,3.857
hk01072,东方电气,21.13
hk01520,时尚环球,10.385
hk02009,金隅股份,10.763
hk00919,现代美容,17.667
hk00841,木薯资源,18.929
hk01580,大森控股,0.0
hk02100,百奥家庭互动,12.045
hk00265,东胜中国,0.0
hk00599,怡邦行控股,3.969
hk00153,中国赛特,2.488
hk01836,九兴控股,10.927
hk01086,好孩子国际,22.905
hk01045,亚太卫星,5.517
hk01557,剑虹集团控股,15.113
hk01300,俊知集团,4.31
hk02211,大健康国际,5.263
hk03903,瀚华金控,6.329
hk03893,易纬集团,0.0
hk00207,大悦城地产,15.714
hk01387,人和商业,-1.035
hk01469,结好金融,0.0
hk00866,中国秦发,-0.144
hk00651,中海重工,-0.941
hk00075,渝太地产,3.593
hk00156,力宝华润,-5.618
hk00351,亚洲能源物流,-4.524
hk01055,中国南方航空股份,12.533
hk02700,格林国际控股,-1.365
hk02283,东江集团控股,24.618
hk01206,同方泰德,5.732
hk01278,中国新城镇,29.375
hk00030,万隆控股集团,-12.467
hk00085,中国电子,6.739
hk00336,华宝国际,9.636
hk01913,普拉达,32.559
hk01088,中国神华,12.146
hk02188,泰坦能源技术,-24.444
hk00884,旭辉控股集团,10.192
hk01233,时代地产,8.145
hk00149,中国农产品交易,-0.065
hk00670,中国东方航空股份,12.156
hk01041,林达控股,-0.525
hk02233,西部水泥,630.0
hk01197,中国恒石,5.734
hk00094,绿心集团,-1.64
hk00076,南海石油,-0.745
hk00159,布莱克万矿业,-2.72
hk01340,惠生国际,0.659
hk00033,亚投金融集团,-7.364
hk00260,幸福控股,-1.473
hk02343,太平洋航运,-9.902
hk00236,香港生力啤,52.609
hk00422,越南制造加工出口,-5.797
hk00950,李氏大药厂,24.95
hk00503,朗生医药,30.256
hk06836,天韵国际控股,8.872
hk02226,老恒和酿造,6.73
hk01647,SHIS LTD,0.0
hk01101,华荣能源,-0.031
hk02128,中国联塑,7.337
hk01868,同方友友,111.429
hk00362,中国天化工,-2.635
hk00120,COSMOPOL INT'L,-22.5
hk02236,惠生工程,19.333
hk02389,北控医疗健康,-38.0
hk00499,青岛控股,-32.609
hk01231,新矿资源,-52.857
hk01103,大生农业金融,1.521
hk00708,恒大健康,667.5
hk01778,彩生活,39.619
hk02033,时计宝,7.535
hk01321,中国新城市,2.106
hk03908,中金公司,10.143
hk00830,远东环球,17.317
hk02600,中国铝业,187.059
hk00515,达进东方照明,-0.588
hk00678,云顶香港,-3.05
hk00660,伟俊矿业集团,-70.0
hk00243,QPL INT'L,-2.3
hk01114,华晨中国汽车,14.024
hk01259,中国儿童护理,-2.305
hk00111,信达国际控股,10.794
hk00573,稻香控股,7.976
hk02113,东盈控股,0.0
hk00080,中国新经济投资,-0.072
hk01596,翼辰实业,0.0
hk01145,勇利航业,-0.186
hk00685,世界华文媒体,4.024
hk01899,兴达国际,16.522
hk01700,华地国际控股,12.368
hk01135,亚洲卫星控股,4.836
hk01386,国投集团控股,-5.388
hk00510,时富金融服务集团,-10.417
hk02882,香港资源控股,-3.444
hk02213,益华控股,18.98
hk00619,南华金融,-15.0
hk02023,中国绿岛科技,133.333
hk01718,宏基集团控股,35.294
hk01159,集美国际娱乐,130.0
hk03663,协众国际控股,23.387
hk01388,安莉芳控股,5.393
hk00318,黄河实业,16.415
hk02010,瑞年国际,0.596
hk00875,中国金控,-10.75
hk00527,瑞风新能源,-7.808
hk01246,毅信控股,-10.625
hk01418,盛诺集团,5.545
hk01559,均安控股,30.0
hk03336,巨腾国际,1.808
hk00872,启迪国际,-4.826
hk00915,道和环球,-22.917
hk00586,海螺创业,21.151
hk06880,腾邦控股,45.278
hk00847,哈萨克矿业-S,27.293
hk00309,新华通讯频媒,-6.136
hk00976,齐合天地,-3.592
hk00276,蒙古能源,-0.412
hk01581,进N集团控股,0.0
hk01007,大庆乳业,-85.0
hk00147,国际商业结算,-27.778
hk01885,中国优材,21.889
hk00491,汉传媒,-2.042
hk00590,六福集团,19.184
hk00578,融信资源,-0.153
hk00287,永发置业,154.839
hk00701,北海集团,8.0
hk01629,盟科控股,0.0
hk01082,香港教育国际,-1.37
hk00114,HERALD HOLD,14.462
hk00364,坪山茶业,-3.917
hk01538,中奥到家,53.182
hk01003,欢喜传媒,-25.185
hk01421,工盖有限公司,6.429
hk00751,创维数码,4.084
hk00305,五菱汽车,7.373
hk00340,中国矿业,-108.333
hk01446,鸿福堂,50.0
hk01102,环能国际,-20.429
hk00655,香港华人有限公司,11.961
hk00009,九号运通,-0.721
hk00312,岁宝百货,33.75
hk01192,泰山石化,-1.538
hk00544,大同集团,-26.667
hk00904,中绿,-0.019
hk00217,中国诚通发展集团,26.818
hk00970,耀莱集团,-26.818
hk03983,中海石油化学,12.465
hk00060,香港食品投资,-15.833
hk01420,川控股,0.0
hk02239,国微技术,0.0
hk00295,江山控股,-9.846
hk00947,摩比发展,6.947
hk01087,威讯控股,6.429
hk00712,卡姆丹克太阳能,-0.241
hk00663,金山能源,0.251
hk02314,理文造纸,11.214
hk01039,鑫网易商,-1.394
hk01312,同方康泰,-50.0
hk01143,华夏健康产业,0.0
hk00036,远东控股国际,7.123
hk01991,大洋集团,-4.67
hk00632,东方明珠石油,-0.22
hk00164,中国宝力科技,-6.7
hk00993,华融金控,7.988
hk00628,国美金融科技,-35.217
hk00313,裕田中国,-2.133
hk00815,中国白银集团,4.726
hk06899,联众,4.54
hk00554,汉思能源,-8.6
hk00483,包浩斯国际,9.583
hk00275,凯华集团,-0.319
hk00379,恒嘉融资租赁,0.0
hk01022,飞鱼科技,9.519
hk00702,中国油气控股,-1.037
hk00166,新时代能源,-0.19
hk00926,碧生源,-8.137
hk01900,中国智能交通,-1.368
hk02326,百灵达国际控股,4.444
hk00647,JOYCE ＢOUTIQUE,-5.521
hk00567,大昌微线集团,-1.866
hk01028,千百度,11.258
hk06188,迪信通,3.709
hk00048,中国汽车内饰,0.724
hk00569,中国自动化,-8.689
hk00666,新工投资,-11.667
hk00204,中国投资开发,-7.0
hk00725,恒都集团,18.63
hk01080,胜利管道,-1.568
hk00729,五龙电动车,-9.75
hk00205,财讯传媒,-0.17
hk02028,映美控股,5.0
hk01452,迪诺斯环保,4.615
hk00269,中国资源交通,-0.105
hk00602,佳华百货控股,5.288
hk01059,看通集团,-56.667
hk00706,美丽中国控股,-4.0
hk00871,中国疏浚环保,-0.803
hk00378,五龙动力,-0.364
hk00439,光启科学,136.667
hk02200,浩沙国际,1.477
hk00433,北方矿业,-2.24
